Section,Item,Agreed Target,Actual / Status,Owner,Client Confirmed (Y/N),Notes
1. Budget,Meta – agreed daily cap,,,,,
1. Budget,Meta – agreed monthly cap,,,,,
1. Budget,Meta – spend to date,,,,,
1. Budget,Meta – projected month-end spend,,,,,
1. Budget,Google – agreed daily cap,,,,,
1. Budget,Google – agreed monthly cap,,,,,
1. Budget,Google – spend to date,,,,,
1. Budget,Google – projected month-end spend,,,,,
1. Budget,Any channel pacing >10% over? (flag),,,,,
2. Performance,Purchases – Meta,,,,,
2. Performance,Purchases – Google,,,,,
2. Performance,Cost per purchase – Meta,,,,,
2. Performance,Cost per purchase – Google,,,,,
2. Performance,ROAS / revenue by channel,,,,,
2. Performance,Brand search impression share,,,,,
3. Changes Since Last Meeting,Campaigns paused/launched,,,,,
3. Changes Since Last Meeting,Budget changes made (date + amount),,,,,
3. Changes Since Last Meeting,Was each change confirmed in writing?,,,,,
4. Decisions Today,Channel on/off decisions,,,,,
4. Decisions Today,New daily/monthly caps per channel,,,,,
4. Decisions Today,Priorities (brand protection vs. prospecting vs. retargeting),,,,,
5. Wrap-Up,Recap decisions in Slack/email within 24 hrs,,,,,
5. Wrap-Up,Next meeting date,,,,,
